{
"name": "change accounts",
"date": "01-11-2021",
"global_objects": {
"1": {
"Период": "02.10.2021",
"Статус": "changed",
"ИИН": "001001550700",
"Фамилия": "Байменов",
"Имя": "Адиль",
"Отчество": "Байменович",
"ТабельныйНомер": "932714",
"Подразделение": "Горно-транспортный комплекс",
"Цех_Служба": "Цех по ремонту горно-транспортного оборудования",
"Отдел_Участок": "Участок по эксплуатации электросетей в карьере",
"Должность": "Электромонтер-линейщик по монтажу воздушных линий высокого напряжения и контактной сети (в карьере)",
"Категория": "рабочие (пром)"
},
"2": {
"Период": "02.10.2021",
"Статус": "disabled",
"ИИН": "581001350787",
"Фамилия": "Ермошин",
"Имя": "Николай",
"Отчество": "Николаевич",
"ТабельныйНомер": "5438",
"Подразделение": "Горно-транспортный комплекс",
"Цех_Служба": "Горный цех",
"Отдел_Участок": "ЦЗ осушение карьера",
"Должность": "Электрослесарь по обслуживанию и ремонту оборудования (в карьере)",
"Категория": "рабочие (пром)"
},
"3": {
"Период": "02.10.2021",
"Статус": "disabled",
"ИИН": "611001401017",
"Фамилия": "Аношкина",
"Имя": "Ирина",
"Отчество": "Борисовна",
"ТабельныйНомер": "28031",
"Подразделение": "Обогатительный комплекс",
"Цех_Служба": "Цех обогащения хризотилового волокна",
"Отдел_Участок": "производственная служба",
"Должность": "Машинист  ДПСМ",
"Категория": "рабочие (пром)"
},
"4": {
"Период": "02.10.2021",
"Статус": "disabled",
"ИИН": "940427351150",
"Фамилия": "Поветкин",
"Имя": "Александр",
"Отчество": "Александрович",
"ТабельныйНомер": "931626",
"Подразделение": "Обогатительный комплекс",
"Цех_Служба": "Служба по ремонту оборудования",
"Отдел_Участок": "ремонтники ЦО",
"Должность": "Электрослесарь по обслуживанию и ремонту оборудования",
"Категория": "рабочие (пром)"
},
"5": {
"Период": "04.10.2021",
"Статус": "disabled",
"ИИН": "770616301254",
"Фамилия": "Кусаинов",
"Имя": "Марат",
"Отчество": "Толеуханович",
"ТабельныйНомер": "932569",
"Подразделение": "Автотранспортное предприятие",
"Цех_Служба": "Цех вспомогательного транспорта",
"Отдел_Участок": "дизельные автомашины",
"Должность": "Водитель автомобиля (Камаз вахтовка в карьере сменный)",
"Категория": "рабочие (пром)"
},
"6": {
"Период": "04.10.2021",
"Статус": "disabled",
"ИИН": "771110450032",
"Фамилия": "Мусинова ",
"Имя": "Алмагуль",
"Отчество": "Гайсаевна ",
"ТабельныйНомер": "933069",
"Подразделение": "Управление предприятия (ЦК)                    ",
"Цех_Служба": "Служба управления делами",
"Отдел_Участок": "Стадион \"Горняк\"",
"Должность": "Рабочий по комплексному обслуживанию",
"Категория": "рабочие (непром)"
},
"7": {
"Период": "04.10.2021",
"Статус": "created",
"ИИН": "771110450032",
"Фамилия": "Мусинова ",
"Имя": "Алмагуль",
"Отчество": "Гайсаевна ",
"ТабельныйНомер": "933085",
"Подразделение": "Управление предприятия (ЦК)                    ",
"Цех_Служба": "Служба управления делами",
"Отдел_Участок": "Стадион \"Горняк\"",
"Должность": "Рабочий по комплексному обслуживанию",
"Категория": "рабочие (непром)"
},
"8": {
"Период": "04.10.2021",
"Статус": "disabled",
"ИИН": "611003450019",
"Фамилия": "Хлюстова",
"Имя": "Галина",
"Отчество": "Степановна",
"ТабельныйНомер": "7122",
"Подразделение": "Управление предприятия (ЦК)                    ",
"Цех_Служба": "Служба управления делами",
"Отдел_Участок": "Стадион \"Горняк\"",
"Должность": "Рабочий по комплексному обслуживанию",
"Категория": "рабочие (непром)"
},
"9": {
"Период": "04.10.2021",
"Статус": "changed",
"ИИН": "700120400540",
"Фамилия": "Мубаракшина",
"Имя": "Наталья",
"Отчество": "Николаевна",
"ТабельныйНомер": "28475",
"Подразделение": "Обогатительный комплекс",
"Цех_Служба": "Технический отдел",
"Отдел_Участок": "",
"Должность": "Инженер-технолог",
"Категория": "специалисты (пром)"
},
"10": {
"Период": "04.10.2021",
"Статус": "disabled",
"ИИН": "810728300522",
"Фамилия": "Новиков",
"Имя": "Дмитрий",
"Отчество": "Вячеславович",
"ТабельныйНомер": "931082",
"Подразделение": "Обогатительный комплекс",
"Цех_Служба": "Служба по ремонту оборудования",
"Отдел_Участок": "ремонтники ЦО",
"Должность": "Механик",
"Категория": "специалисты (пром)"
},
"11": {
"Период": "04.10.2021",
"Статус": "changed",
"ИИН": "700709350413",
"Фамилия": "Оконешников",
"Имя": "Сергей",
"Отчество": "Иванович",
"ТабельныйНомер": "932066",
"Подразделение": "Горно-транспортный комплекс",
"Цех_Служба": "Железнодорожный цех",
"Отдел_Участок": "Пункт технического осмотра",
"Должность": "Слесарь по ремонту подвижного состава",
"Категория": "рабочие (пром)"
},
"12": {
"Период": "05.10.2021",
"Статус": "created",
"ИИН": "971118351054",
"Фамилия": "Губенко",
"Имя": "Андрей",
"Отчество": "Валерьевич",
"ТабельныйНомер": "933084",
"Подразделение": "Обогатительный комплекс",
"Цех_Служба": "Служба по ремонту оборудования",
"Отдел_Участок": "участок вулканизации лент",
"Должность": "Электрогазосварщик",
"Категория": "рабочие (пром)"
},
"13": {
"Период": "06.10.2021",
"Статус": "disabled",
"ИИН": "970522350917",
"Фамилия": "Медюхо",
"Имя": "Вячеслав",
"Отчество": "Васильевич",
"ТабельныйНомер": "932961",
"Подразделение": "Энергоуправление",
"Цех_Служба": "",
"Отдел_Участок": "Участок тепловодоснабжения",
"Должность": "Электромонтер по ремонту и обслуживанию электрооборудования",
"Категория": "рабочие (пром)"
},
"14": {
"Период": "06.10.2021",
"Статус": "created",
"ИИН": "970522350917",
"Фамилия": "Медюхо",
"Имя": "Вячеслав ",
"Отчество": "Васильевич ",
"ТабельныйНомер": "933086",
"Подразделение": "Энергоуправление",
"Цех_Служба": "",
"Отдел_Участок": "Участок тепловодоснабжения",
"Должность": "Электромонтер по ремонту и обслуживанию электрооборудования",
"Категория": "рабочие (пром)"
},
"15": {
"Период": "06.10.2021",
"Статус": "changed",
"ИИН": "640719300130",
"Фамилия": "Якунин",
"Имя": "Евгений",
"Отчество": "Анатольевич",
"ТабельныйНомер": "11695",
"Подразделение": "Энергоуправление",
"Цех_Служба": "",
"Отдел_Участок": "Участок тепловодоснабжения",
"Должность": "Мастер электромеханик",
"Категория": "руководители (пром)"
},
"16": {
"Период": "06.10.2021",
"Статус": "disabled",
"ИИН": "921203350629",
"Фамилия": "Кислицын",
"Имя": "Антон",
"Отчество": "Сергеевич",
"ТабельныйНомер": "931296",
"Подразделение": "Управление предприятия (ЦК)                    ",
"Цех_Служба": "Служба автоматизации",
"Отдел_Участок": "Экспериментально-конструкторская группа",
"Должность": "Инженер по автоматизации производства I категории",
"Категория": "специалисты (пром)"
},
"17": {
"Период": "07.10.2021",
"Статус": "disabled",
"ИИН": "960417351318",
"Фамилия": "Шегреев",
"Имя": "Мейрам",
"Отчество": "Рахимбаевич ",
"ТабельныйНомер": "933058",
"Подразделение": "Автотранспортное предприятие",
"Цех_Служба": "Цех технологического транспорта",
"Отдел_Участок": "ремонтный персонал",
"Должность": "Слесарь по ремонту автомобилей (БелАЗ)",
"Категория": "рабочие (пром)"
},
"18": {
"Период": "07.10.2021",
"Статус": "created",
"ИИН": "940806350658",
"Фамилия": "Жаримбетов",
"Имя": "Адиль",
"Отчество": "Шуакбаевич",
"ТабельныйНомер": "933087",
"Подразделение": "Горно-транспортный комплекс",
"Цех_Служба": "Горный цех",
"Отдел_Участок": "Участок отвалообразования",
"Должность": "Помощник машиниста экскаватора (породных отвалов)",
"Категория": "рабочие (пром)"
},
"19": {
"Период": "07.10.2021",
"Статус": "changed",
"ИИН": "891201351122",
"Фамилия": "Тлекешов",
"Имя": "Арслан",
"Отчество": "Жагпарович",
"ТабельныйНомер": "7321",
"Подразделение": "Обогатительный комплекс",
"Цех_Служба": "Цех дробления и сортировки хризотиловых руд",
"Отдел_Участок": "ремонт и содержание ЦДиСХР",
"Должность": "Слесарь по обслуживанию и ремонту оборудования",
"Категория": "рабочие (пром)"
},
"20": {
"Период": "07.10.2021",
"Статус": "changed",
"ИИН": "901119351384",
"Фамилия": "Штро",
"Имя": "Артур",
"Отчество": "Яковлевич",
"ТабельныйНомер": "931949",
"Подразделение": "Обогатительный комплекс",
"Цех_Служба": "Цех дробления и сортировки хризотиловых руд",
"Отдел_Участок": "производственно-техническая служба ЦДиСХР",
"Должность": "Слесарь по обслуживанию и ремонту оборудования (сменный персонал)",
"Категория": "рабочие (пром)"
},
"21": {
"Период": "08.10.2021",
"Статус": "created",
"ИИН": "010424650305",
"Фамилия": "Колеснюк ",
"Имя": "Евгения",
"Отчество": "Сергеевна ",
"ТабельныйНомер": "933088",
"Подразделение": "Энергоуправление",
"Цех_Служба": "",
"Отдел_Участок": "Участок тепловодоснабжения",
"Должность": "Оператор котельной ",
"Категория": "рабочие (пром)"
},
"22": {
"Период": "09.10.2021",
"Статус": "disabled",
"ИИН": "960920450261",
"Фамилия": "Сыздыкова",
"Имя": "Жания",
"Отчество": "Исмагуловна",
"ТабельныйНомер": "933050",
"Подразделение": "Управление предприятия (ЦК)                    ",
"Цех_Служба": "Служба автоматизации",
"Отдел_Участок": "Экспериментально-конструкторская группа",
"Должность": "Инженер по автоматизации",
"Категория": "специалисты (пром)"
},
"23": {
"Период": "09.10.2021",
"Статус": "created",
"ИИН": "960920450261",
"Фамилия": "Сыздыкова",
"Имя": "Жания",
"Отчество": "Исмагуловна",
"ТабельныйНомер": "933089",
"Подразделение": "Управление предприятия (ЦК)                    ",
"Цех_Служба": "Служба автоматизации",
"Отдел_Участок": "Экспериментально-конструкторская группа",
"Должность": "Инженер по автоматизации",
"Категория": "специалисты (пром)"
},
"24": {
"Период": "09.10.2021",
"Статус": "disabled",
"ИИН": "891211400505",
"Фамилия": "Лоц",
"Имя": "Анастасия",
"Отчество": "Анатольевна",
"ТабельныйНомер": "931679",
"Подразделение": "Филиал  АО\"Костанайские минералы\" г. Алматы",
"Цех_Служба": "",
"Отдел_Участок": "",
"Должность": "Уборщик помещений",
"Категория": "рабочие (непром)"
},
"25": {
"Период": "11.10.2021",
"Статус": "changed",
"ИИН": "850325350208",
"Фамилия": "Кисель",
"Имя": "Вячеслав",
"Отчество": "Владимирович",
"ТабельныйНомер": "932607",
"Подразделение": "Горно-транспортный комплекс",
"Цех_Служба": "Горный цех",
"Отдел_Участок": "",
"Должность": "Слесарь по обслуживанию и ремонту оборудования (в карьере)",
"Категория": "рабочие (пром)"
},
"26": {
"Период": "11.10.2021",
"Статус": "changed",
"ИИН": "960915350525",
"Фамилия": "Бурамбаев",
"Имя": "Мирас",
"Отчество": "Серимжанович",
"ТабельныйНомер": "932669",
"Подразделение": "Горно-транспортный комплекс",
"Цех_Служба": "Горный цех",
"Отдел_Участок": "",
"Должность": "Слесарь по обслуживанию и ремонту оборудования (в карьере)",
"Категория": "рабочие (пром)"
},
"27": {
"Период": "11.10.2021",
"Статус": "disabled",
"ИИН": "691116350140",
"Фамилия": "Альмухамедов ",
"Имя": "Ермек ",
"Отчество": "Нуртазаевич ",
"ТабельныйНомер": "933067",
"Подразделение": "Управление предприятия (ЦК)                    ",
"Цех_Служба": "Служба управления делами",
"Отдел_Участок": "Бассейн \"Алма-Ата\"",
"Должность": "Сторож",
"Категория": "рабочие (непром)"
},
"28": {
"Период": "11.10.2021",
"Статус": "created",
"ИИН": "780715301086",
"Фамилия": "Ерёменко",
"Имя": "Дмитрий",
"Отчество": "Юрьевич",
"ТабельныйНомер": "933090",
"Подразделение": "Обогатительный комплекс",
"Цех_Служба": "Отдел по экономике и развитию",
"Отдел_Участок": "",
"Должность": "Ведущий экономист по планированию и анализу",
"Категория": "специалисты (пром)"
},
"29": {
"Период": "11.10.2021",
"Статус": "created",
"ИИН": "691116350140",
"Фамилия": "Альмухамедов",
"Имя": "Ермек",
"Отчество": "Нуртазаевич ",
"ТабельныйНомер": "933091",
"Подразделение": "Управление предприятия (ЦК)                    ",
"Цех_Служба": "Служба управления делами",
"Отдел_Участок": "Бассейн \"Алма-Ата\"",
"Должность": "Сторож",
"Категория": "рабочие (непром)"
},
"30": {
"Период": "11.10.2021",
"Статус": "created",
"ИИН": "640325402479",
"Фамилия": "Курбанова",
"Имя": "Рукиям",
"Отчество": "Розиевна",
"ТабельныйНомер": "000007897",
"Подразделение": "Филиал  АО\"Костанайские минералы\" г. Алматы",
"Цех_Служба": "",
"Отдел_Участок": "",
"Должность": "Уборщик служебных помещений",
"Категория": "рабочие (пром)"
},
"31": {
"Период": "11.10.2021",
"Статус": "changed",
"ИИН": "810224350390",
"Фамилия": "Пластовец",
"Имя": "Денис",
"Отчество": "Николаевич",
"ТабельныйНомер": "10908",
"Подразделение": "Управление предприятия (ЦК)                    ",
"Цех_Служба": "",
"Отдел_Участок": "Отдел главного механика",
"Должность": "Ведущий инженер по ТОиР",
"Категория": "специалисты (пром)"
},
"32": {
"Период": "11.10.2021",
"Статус": "changed",
"ИИН": "940927350507",
"Фамилия": "Мынжасаров",
"Имя": "Кайырхан",
"Отчество": "Кайратович",
"ТабельныйНомер": "931691",
"Подразделение": "Горно-транспортный комплекс",
"Цех_Служба": "Горный цех",
"Отдел_Участок": "Участок добычи",
"Должность": "Помощник машиниста экскаватора (в карьере)",
"Категория": "рабочие (пром)"
},
"33": {
"Период": "11.10.2021",
"Статус": "changed",
"ИИН": "930219450720",
"Фамилия": "Цыгулева",
"Имя": "Анна",
"Отчество": "Венедиктовна",
"ТабельныйНомер": "932067",
"Подразделение": "Горно-транспортный комплекс",
"Цех_Служба": "",
"Отдел_Участок": "Отдел по экономике и развитию",
"Должность": "Экономист по труду",
"Категория": "специалисты (пром)"
},
"34": {
"Период": "12.10.2021",
"Статус": "created",
"ИИН": "720806350335",
"Фамилия": "Грядовкин",
"Имя": "Игорь",
"Отчество": "Алексеевич",
"ТабельныйНомер": "933092",
"Подразделение": "Горно-транспортный комплекс",
"Цех_Служба": "Цех по ремонту горно-транспортного оборудования",
"Отдел_Участок": "Депо подвижного состава                  ",
"Должность": "Токарь",
"Категория": "рабочие (пром)"
},
"35": {
"Период": "12.10.2021",
"Статус": "changedFIO",
"ИИН": "790527402447",
"Фамилия": "Лосева",
"Имя": "Ксения",
"Отчество": "Павловна",
"ТабельныйНомер": "28057",
"Подразделение": "Обогатительный комплекс",
"Цех_Служба": "Цех обогащения хризотилового волокна",
"Отдел_Участок": "производственная служба",
"Должность": "Оператор пульта управления",
"Категория": "рабочие (пром)"
},
"36": {
"Период": "13.10.2021",
"Статус": "disabled",
"ИИН": "820311450639",
"Фамилия": "Ивченко",
"Имя": "Анна",
"Отчество": "Павловна",
"ТабельныйНомер": "932230",
"Подразделение": "Горно-транспортный комплекс",
"Цех_Служба": "Цех по ремонту горно-транспортного оборудования",
"Отдел_Участок": "Депо подвижного состава                  ",
"Должность": "Машинист крана (крановщик мостового крана)",
"Категория": "рабочие (пром)"
},
"37": {
"Период": "13.10.2021",
"Статус": "created",
"ИИН": "780223403679",
"Фамилия": "Бралина",
"Имя": "Асем ",
"Отчество": "Муратовна ",
"ТабельныйНомер": "933093",
"Подразделение": "Негосударственная противопожарная служба (ЦК)                  ",
"Цех_Служба": "Группа обслуживания                      ",
"Отдел_Участок": "",
"Должность": "Инженер по пожарной безопасности",
"Категория": "специалисты (пром)"
},
"38": {
"Период": "14.10.2021",
"Статус": "disabled",
"ИИН": "810709400486",
"Фамилия": "Машаев",
"Имя": "Кайырхан ",
"Отчество": "Бахчанович",
"ТабельныйНомер": "931848",
"Подразделение": "Горно-транспортный комплекс",
"Цех_Служба": "Буровзрывной цех",
"Отдел_Участок": "ЦЗ автотранспорт зарядный",
"Должность": "Водитель автомобиля (Краз компрессор в карьере)",
"Категория": "рабочие (пром)"
},
"39": {
"Период": "14.10.2021",
"Статус": "disabled",
"ИИН": "820116451171",
"Фамилия": "Утарбаева",
"Имя": "Карлагаш",
"Отчество": "Каржаубаевна",
"ТабельныйНомер": "932515",
"Подразделение": "Обогатительный комплекс",
"Цех_Служба": "Цех обогащения хризотилового волокна",
"Отдел_Участок": "производственная служба",
"Должность": "Машинист  ДПСМ",
"Категория": "рабочие (пром)"
},
"40": {
"Период": "14.10.2021",
"Статус": "created",
"ИИН": "820116451171",
"Фамилия": "Утарбаева ",
"Имя": "Карлагаш",
"Отчество": "КАРЖАУБАЕВНА",
"ТабельныйНомер": "933094",
"Подразделение": "Обогатительный комплекс",
"Цех_Служба": "Цех обогащения хризотилового волокна",
"Отдел_Участок": "производственная служба",
"Должность": "Машинист  ДПСМ",
"Категория": "рабочие (пром)"
},
"41": {
"Период": "14.10.2021",
"Статус": "created",
"ИИН": "741007401841",
"Фамилия": "Елистратов ",
"Имя": "Юрий ",
"Отчество": "Валерьевич ",
"ТабельныйНомер": "933095",
"Подразделение": "Обогатительный комплекс",
"Цех_Служба": "Служба по ремонту оборудования",
"Отдел_Участок": "участок по ремонту сантехнического оборудования",
"Должность": "Слесарь по обслуживанию и ремонту оборудования",
"Категория": "рабочие (пром)"
},
"42": {
"Период": "15.10.2021",
"Статус": "disabled",
"ИИН": "670705300982",
"Фамилия": "Аманов",
"Имя": "Нуржан",
"Отчество": "Жаксылыкович",
"ТабельныйНомер": "932727",
"Подразделение": "Автотранспортное предприятие",
"Цех_Служба": "Цех вспомогательного транспорта",
"Отдел_Участок": "дизельные автомашины",
"Должность": "Водитель автомобиля (Газ мусоровоз)",
"Категория": "рабочие (пром)"
},
"43": {
"Период": "15.10.2021",
"Статус": "disabled",
"ИИН": "611022350313",
"Фамилия": "Шишкин",
"Имя": "Юрий",
"Отчество": "Анатольевич",
"ТабельныйНомер": "932888",
"Подразделение": "Автотранспортное предприятие",
"Цех_Служба": "Цех вспомогательного транспорта",
"Отдел_Участок": "автобусы ПАЗ",
"Должность": "Водитель автомобиля (ПАЗ)",
"Категория": "рабочие (пром)"
},
"44": {
"Период": "15.10.2021",
"Статус": "disabled",
"ИИН": "910228450313",
"Фамилия": "Бегалинова ",
"Имя": "Мадина ",
"Отчество": "Кайратовна ",
"ТабельныйНомер": "933049",
"Подразделение": "Обогатительный комплекс",
"Цех_Служба": "Цех обогащения хризотилового волокна",
"Отдел_Участок": "производственная служба",
"Должность": "Машинист  ДПСМ",
"Категория": "рабочие (пром)"
},
"45": {
"Период": "15.10.2021",
"Статус": "created",
"ИИН": "910228450313",
"Фамилия": "Бегалинова ",
"Имя": "Мадина ",
"Отчество": "Кайратовна ",
"ТабельныйНомер": "933097",
"Подразделение": "Обогатительный комплекс",
"Цех_Служба": "Цех обогащения хризотилового волокна",
"Отдел_Участок": "цех обогащения хризотилового волокна",
"Должность": "Машинист РУМ ",
"Категория": "рабочие (пром)"
},
"46": {
"Период": "17.10.2021",
"Статус": "disabled",
"ИИН": "740421300746",
"Фамилия": "Балыкбаев ",
"Имя": "Серик ",
"Отчество": "Мухамедгалиевич",
"ТабельныйНомер": "933068",
"Подразделение": "Автотранспортное предприятие",
"Цех_Служба": "Цех вспомогательного транспорта",
"Отдел_Участок": "механизмы",
"Должность": "Тракторист Т-150 в карьере",
"Категория": "рабочие (пром)"
},
"47": {
"Период": "17.10.2021",
"Статус": "created",
"ИИН": "740421300746",
"Фамилия": "Балыкбаев ",
"Имя": "Серик ",
"Отчество": "Мухамедгалиевич ",
"ТабельныйНомер": "933098",
"Подразделение": "Автотранспортное предприятие",
"Цех_Служба": "Цех вспомогательного транспорта",
"Отдел_Участок": "механизмы",
"Должность": "Тракторист (Т-150 в карьере)",
"Категория": "рабочие (пром)"
},
"48": {
"Период": "17.10.2021",
"Статус": "disabled",
"ИИН": "581017300738",
"Фамилия": "Смаилов",
"Имя": "Сексен",
"Отчество": "Сарсенович",
"ТабельныйНомер": "5110",
"Подразделение": "Автотранспортное предприятие",
"Цех_Служба": "Цех вспомогательного транспорта",
"Отдел_Участок": "механизмы",
"Должность": "Тракторист (Т-150 в карьере)",
"Категория": "рабочие (пром)"
},
"49": {
"Период": "17.10.2021",
"Статус": "disabled",
"ИИН": "960323351109",
"Фамилия": "Коробков",
"Имя": "Дмитрий",
"Отчество": "Владимирович",
"ТабельныйНомер": "932146",
"Подразделение": "Горно-транспортный комплекс",
"Цех_Служба": "Цех по ремонту горно-транспортного оборудования",
"Отдел_Участок": "Депо подвижного состава                  ",
"Должность": "Слесарь по ремонту подвижного состава",
"Категория": "рабочие (пром)"
},
"50": {
"Период": "18.10.2021",
"Статус": "changed",
"ИИН": "930105350457",
"Фамилия": "Плахотников",
"Имя": "Константин",
"Отчество": "Андреевич",
"ТабельныйНомер": "932202",
"Подразделение": "Горно-транспортный комплекс",
"Цех_Служба": "Горный цех",
"Отдел_Участок": "ЦЗ осушение карьера",
"Должность": "Электрогазосварщик (в карьере)",
"Категория": "рабочие (пром)"
},
"51": {
"Период": "18.10.2021",
"Статус": "changed",
"ИИН": "751109300040",
"Фамилия": "Куантаев",
"Имя": "Салимжан",
"Отчество": "Ердаулетович",
"ТабельныйНомер": "932870",
"Подразделение": "Горно-транспортный комплекс",
"Цех_Служба": "Железнодорожный цех",
"Отдел_Участок": "Пункт технического осмотра",
"Должность": "Слесарь по ремонту подвижного состава",
"Категория": "рабочие (пром)"
},
"52": {
"Период": "18.10.2021",
"Статус": "created",
"ИИН": "840724450648",
"Фамилия": "Щербакова ",
"Имя": "Надежда ",
"Отчество": "Сергеевна ",
"ТабельныйНомер": "933099",
"Подразделение": "Обогатительный комплекс",
"Цех_Служба": "Цех обогащения хризотилового волокна",
"Отдел_Участок": "производственная служба",
"Должность": "Машинист  ДПСМ",
"Категория": "рабочие (пром)"
},
"53": {
"Период": "18.10.2021",
"Статус": "created",
"ИИН": "990430450293",
"Фамилия": "Белоцерковская",
"Имя": "Ольга",
"Отчество": "Дмитриевна",
"ТабельныйНомер": "933100",
"Подразделение": "Управление предприятия (ЦК)                    ",
"Цех_Служба": "",
"Отдел_Участок": "Отдел стандартизации и метрологии",
"Должность": "Инженер по метрологии II категории",
"Категория": "специалисты (пром)"
},
"54": {
"Период": "18.10.2021",
"Статус": "created",
"ИИН": "921111450635",
"Фамилия": "Романкулова ",
"Имя": "Кристина ",
"Отчество": "Александровна",
"ТабельныйНомер": "933101",
"Подразделение": "Обогатительный комплекс",
"Цех_Служба": "Цех обогащения хризотилового волокна",
"Отдел_Участок": "производственная служба",
"Должность": "Машинист  ДПСМ",
"Категория": "рабочие (пром)"
},
"55": {
"Период": "19.10.2021",
"Статус": "disabled",
"ИИН": "950528450546",
"Фамилия": "Казимирова",
"Имя": "Дарья",
"Отчество": "Андреевна",
"ТабельныйНомер": "932878",
"Подразделение": "Управление предприятия (ЦК)                    ",
"Цех_Служба": "",
"Отдел_Участок": "Производственная лаборатория технического контроля",
"Должность": "Лаборант асбестообогатительного производства",
"Категория": "рабочие (пром)"
},
"56": {
"Период": "19.10.2021",
"Статус": "created",
"ИИН": "950528450546",
"Фамилия": "Казимирова ",
"Имя": "Дарья ",
"Отчество": "Андреевна ",
"ТабельныйНомер": "933102",
"Подразделение": "Управление предприятия (ЦК)                    ",
"Цех_Служба": "",
"Отдел_Участок": "Производственная лаборатория технического контроля",
"Должность": "Контролер продукции обогащения",
"Категория": "рабочие (пром)"
},
"57": {
"Период": "20.10.2021",
"Статус": "disabled",
"ИИН": "930722451179",
"Фамилия": "Укасова",
"Имя": "Нургуль",
"Отчество": "Серимжановна",
"ТабельныйНомер": "932749",
"Подразделение": "Обогатительный комплекс",
"Цех_Служба": "Цех обогащения хризотилового волокна",
"Отдел_Участок": "производственная служба",
"Должность": "Машинист  ДПСМ",
"Категория": "рабочие (пром)"
},
"58": {
"Период": "20.10.2021",
"Статус": "disabled",
"ИИН": "960508350423",
"Фамилия": "Данилов ",
"Имя": "Максим",
"Отчество": "Владимирович",
"ТабельныйНомер": "933057",
"Подразделение": "Горно-транспортный комплекс",
"Цех_Служба": "Горный цех",
"Отдел_Участок": "ЦЗ осушение карьера",
"Должность": "Электрослесарь по обслуживанию и ремонту оборудования (в карьере)",
"Категория": "рабочие (пром)"
},
"59": {
"Период": "20.10.2021",
"Статус": "disabled",
"ИИН": "701103450359",
"Фамилия": "Гуляева",
"Имя": "Татьяна ",
"Отчество": "Васильевна",
"ТабельныйНомер": "933081",
"Подразделение": "Складское хозяйство АО (К)                     ",
"Цех_Служба": "",
"Отдел_Участок": "",
"Должность": "Оператор АЗС",
"Категория": "рабочие (пром)"
},
"60": {
"Период": "20.10.2021",
"Статус": "created",
"ИИН": "930722451179",
"Фамилия": "Укасова ",
"Имя": "Нургуль",
"Отчество": "Серимжановна",
"ТабельныйНомер": "933096",
"Подразделение": "Обогатительный комплекс",
"Цех_Служба": "Цех обогащения хризотилового волокна",
"Отдел_Участок": "производственная служба",
"Должность": "Машинист  ДПСМ",
"Категория": "рабочие (пром)"
},
"61": {
"Период": "20.10.2021",
"Статус": "created",
"ИИН": "690101352846",
"Фамилия": "Марухненко",
"Имя": "Александр ",
"Отчество": "Александрович ",
"ТабельныйНомер": "933104",
"Подразделение": "Автотранспортное предприятие",
"Цех_Служба": "Цех технологического транспорта",
"Отдел_Участок": "бульдозерный участок",
"Должность": "Машинист бульдозера (в карьере)",
"Категория": "рабочие (пром)"
},
"62": {
"Период": "20.10.2021",
"Статус": "created",
"ИИН": "701103450359",
"Фамилия": "Гуляева ",
"Имя": "Татьяна",
"Отчество": "Васильевна",
"ТабельныйНомер": "933103",
"Подразделение": "Складское хозяйство АО (К)                     ",
"Цех_Служба": "",
"Отдел_Участок": "",
"Должность": "Оператор АЗС",
"Категория": "рабочие (пром)"
},
"63": {
"Период": "20.10.2021",
"Статус": "created",
"ИИН": "960508350423",
"Фамилия": "Данилов",
"Имя": "Максим ",
"Отчество": "Владимирович",
"ТабельныйНомер": "933105",
"Подразделение": "Горно-транспортный комплекс",
"Цех_Служба": "Горный цех",
"Отдел_Участок": "ЦЗ осушение карьера",
"Должность": "Электрослесарь по обслуживанию и ремонту оборудования (в карьере)",
"Категория": "рабочие (пром)"
},
"64": {
"Период": "20.10.2021",
"Статус": "disabled",
"ИИН": "910121351042",
"Фамилия": "Жупанов",
"Имя": "Самат",
"Отчество": "Булатович",
"ТабельныйНомер": "931484",
"Подразделение": "Энергоуправление",
"Цех_Служба": "",
"Отдел_Участок": "Участок группы подстанций и электросетей",
"Должность": "Мастер подстанций обогатит.комплекса",
"Категория": "руководители (пром)"
},
"65": {
"Период": "21.10.2021",
"Статус": "created",
"ИИН": "811121400125",
"Фамилия": "Жарова",
"Имя": "Марина",
"Отчество": "Рагимовна",
"ТабельныйНомер": "933106",
"Подразделение": "Горно-транспортный комплекс",
"Цех_Служба": "Железнодорожный цех",
"Отдел_Участок": "Участок подвижного состава",
"Должность": "Нарядчик",
"Категория": "служащие (пром)"
},
"66": {
"Период": "22.10.2021",
"Статус": "created",
"ИИН": "940611351339",
"Фамилия": "Спорышев",
"Имя": "Иван",
"Отчество": "Александрович",
"ТабельныйНомер": "933107",
"Подразделение": "Горно-транспортный комплекс",
"Цех_Служба": "Железнодорожный цех",
"Отдел_Участок": "Пункт технического осмотра",
"Должность": "Электрогазосварщик",
"Категория": "рабочие (пром)"
},
"67": {
"Период": "22.10.2021",
"Статус": "disabled",
"ИИН": "581021301321",
"Фамилия": "Арсентьев",
"Имя": "Василий",
"Отчество": "Николаевич",
"ТабельныйНомер": "23100",
"Подразделение": "Обогатительный комплекс",
"Цех_Служба": "Служба по ремонту оборудования",
"Отдел_Участок": "участок по капитальному ремонту",
"Должность": "Электрогазосварщик",
"Категория": "рабочие (пром)"
},
"68": {
"Период": "23.10.2021",
"Статус": "disabled",
"ИИН": "710831300214",
"Фамилия": "Воскресенский",
"Имя": "Виталий",
"Отчество": "Владимирович",
"ТабельныйНомер": "932599",
"Подразделение": "Горно-транспортный комплекс",
"Цех_Служба": "Цех по ремонту горно-транспортного оборудования",
"Отдел_Участок": "Депо подвижного состава                  ",
"Должность": "Слесарь по ремонту подвижного состава",
"Категория": "рабочие (пром)"
},
"69": {
"Период": "23.10.2021",
"Статус": "disabled",
"ИИН": "811121400125",
"Фамилия": "Жарова",
"Имя": "Марина",
"Отчество": "Рагимовна",
"ТабельныйНомер": "933106",
"Подразделение": "Горно-транспортный комплекс",
"Цех_Служба": "Железнодорожный цех",
"Отдел_Участок": "Участок подвижного состава",
"Должность": "Нарядчик",
"Категория": "служащие (пром)"
},
"70": {
"Период": "23.10.2021",
"Статус": "disabled",
"ИИН": "720204450120",
"Фамилия": "Байтышева",
"Имя": "Мадина",
"Отчество": "Тынышпаевна",
"ТабельныйНомер": "5140",
"Подразделение": "Управление предприятия (ЦК)                    ",
"Цех_Служба": "",
"Отдел_Участок": "Производственная лаборатория технического контроля",
"Должность": "Лаборант асбестообогатительного производства",
"Категория": "рабочие (пром)"
},
"71": {
"Период": "25.10.2021",
"Статус": "changed",
"ИИН": "801029301016",
"Фамилия": "Петров",
"Имя": "Анатолий",
"Отчество": "Владимирович",
"ТабельныйНомер": "932440",
"Подразделение": "Горно-транспортный комплекс",
"Цех_Служба": "Цех по ремонту горно-транспортного оборудования",
"Отдел_Участок": "Участок СЦБ",
"Должность": "Электромонтёр по обслуживанию и ремонту устройств сигнализации, централизации и блокировки",
"Категория": "рабочие (пром)"
},
"72": {
"Период": "25.10.2021",
"Статус": "changed",
"ИИН": "760916350241",
"Фамилия": "Прокофьев ",
"Имя": "Сергей ",
"Отчество": "Александрович",
"ТабельныйНомер": "933003",
"Подразделение": "Горно-транспортный комплекс",
"Цех_Служба": "Железнодорожный цех",
"Отдел_Участок": "Пункт технического осмотра",
"Должность": "Слесарь по ремонту подвижного состава",
"Категория": "рабочие (пром)"
},
"73": {
"Период": "25.10.2021",
"Статус": "changed",
"ИИН": "780103300328",
"Фамилия": "Переверзин",
"Имя": "Алексей ",
"Отчество": "Витальевич",
"ТабельныйНомер": "933004",
"Подразделение": "Горно-транспортный комплекс",
"Цех_Служба": "Железнодорожный цех",
"Отдел_Участок": "Пункт технического осмотра",
"Должность": "Слесарь по ремонту подвижного состава",
"Категория": "рабочие (пром)"
},
"74": {
"Период": "25.10.2021",
"Статус": "created",
"ИИН": "810809350688",
"Фамилия": "Арсентьев ",
"Имя": "Андрей",
"Отчество": "Васильевич",
"ТабельныйНомер": "933108",
"Подразделение": "Обогатительный комплекс",
"Цех_Служба": "Служба по ремонту оборудования",
"Отдел_Участок": "участок по капитальному ремонту",
"Должность": "Электрогазосварщик",
"Категория": "рабочие (пром)"
},
"75": {
"Период": "25.10.2021",
"Статус": "created",
"ИИН": "010319551608",
"Фамилия": "Ахбердиев",
"Имя": "Турар",
"Отчество": "Сабитбекулы",
"ТабельныйНомер": "933109",
"Подразделение": "Складское хозяйство АО (К)                     ",
"Цех_Служба": "",
"Отдел_Участок": "",
"Должность": "Грузчик",
"Категория": "рабочие (пром)"
},
"76": {
"Период": "25.10.2021",
"Статус": "created",
"ИИН": "750430300390",
"Фамилия": "Свиридов",
"Имя": "Вадим",
"Отчество": "Валерьевич",
"ТабельныйНомер": "933110",
"Подразделение": "Обогатительный комплекс",
"Цех_Служба": "Служба по ремонту оборудования",
"Отдел_Участок": "участок по капитальному ремонту",
"Должность": "Электрогазосварщик",
"Категория": "рабочие (пром)"
},
"77": {
"Период": "25.10.2021",
"Статус": "changed",
"ИИН": "930330350798",
"Фамилия": "Жакупов",
"Имя": "Канат",
"Отчество": "Ермекович",
"ТабельныйНомер": "930407",
"Подразделение": "Горно-транспортный комплекс",
"Цех_Служба": "Железнодорожный цех",
"Отдел_Участок": "Участок подвижного состава",
"Должность": "Машинист тягового агрегата (на вывозке горной массы)",
"Категория": "рабочие (пром)"
},
"78": {
"Период": "25.10.2021",
"Статус": "changed",
"ИИН": "900628350188",
"Фамилия": "Прокаев",
"Имя": "Виталий",
"Отчество": "Сергеевич",
"ТабельныйНомер": "6206",
"Подразделение": "Горно-транспортный комплекс",
"Цех_Служба": "Железнодорожный цех",
"Отдел_Участок": "Участок подвижного состава",
"Должность": "Помощник машиниста тягового агрегата (на вывозке горной массы)",
"Категория": "рабочие (пром)"
},
"79": {
"Период": "26.10.2021",
"Статус": "created",
"ИИН": "860401350758",
"Фамилия": "Мустафин",
"Имя": "Аулехан",
"Отчество": "Оразбекович",
"ТабельныйНомер": "933111",
"Подразделение": "Обогатительный комплекс",
"Цех_Служба": "Цех дробления и сортировки хризотиловых руд",
"Отдел_Участок": "Участок по производству щебня",
"Должность": "Дробильщик",
"Категория": "рабочие (пром)"
},
"80": {
"Период": "26.10.2021",
"Статус": "created",
"ИИН": "930108350334",
"Фамилия": "Лосев",
"Имя": "Александр",
"Отчество": "Викторович",
"ТабельныйНомер": "933112",
"Подразделение": "Обогатительный комплекс",
"Цех_Служба": "Цех обогащения хризотилового волокна",
"Отдел_Участок": "цех обогащения хризотилового волокна",
"Должность": "Слесарь по обслуживанию и ремонту оборудования",
"Категория": "рабочие (пром)"
},
"81": {
"Период": "26.10.2021",
"Статус": "changed",
"ИИН": "620919300134",
"Фамилия": "Моисеенко",
"Имя": "Андрей",
"Отчество": "Валентинович",
"ТабельныйНомер": "14158",
"Подразделение": "Горно-транспортный комплекс",
"Цех_Служба": "Буровзрывной цех",
"Отдел_Участок": "ЦЗ взрывной",
"Должность": "Горнорабочий",
"Категория": "рабочие (пром)"
},
"82": {
"Период": "26.10.2021",
"Статус": "disabled",
"ИИН": "830217350376",
"Фамилия": "Матковский",
"Имя": "Дмитрий",
"Отчество": "Владимирович",
"ТабельныйНомер": "931551",
"Подразделение": "Горно-транспортный комплекс",
"Цех_Служба": "Железнодорожный цех",
"Отдел_Участок": "Участок железнодорожных путей",
"Должность": "Дорожно-путевой рабочий (в карьере)",
"Категория": "рабочие (пром)"
},
"83": {
"Период": "28.10.2021",
"Статус": "disabled",
"ИИН": "890509450896",
"Фамилия": "Ишбердина",
"Имя": "Анастасия",
"Отчество": "Александровна",
"ТабельныйНомер": "7131",
"Подразделение": "Управление предприятия (ЦК)                    ",
"Цех_Служба": "",
"Отдел_Участок": "Отдел стандартизации и метрологии",
"Должность": "Инженер по метрологии II категории",
"Категория": "специалисты (пром)"
},
"84": {
"Период": "28.10.2021",
"Статус": "changed",
"ИИН": "870323350386",
"Фамилия": "Банцевич",
"Имя": "Дмитрий",
"Отчество": "Владимирович",
"ТабельныйНомер": "930898",
"Подразделение": "Горно-транспортный комплекс",
"Цех_Служба": "",
"Отдел_Участок": "Производственный отдел",
"Должность": "Горный  диспетчер",
"Категория": "специалисты (пром)"
},
"85": {
"Период": "28.10.2021",
"Статус": "disabled",
"ИИН": "581027350025",
"Фамилия": "Мустакимов",
"Имя": "Тагир",
"Отчество": "Жумабаевич",
"ТабельныйНомер": "21185",
"Подразделение": "Обогатительный комплекс",
"Цех_Служба": "Служба по ремонту оборудования",
"Отдел_Участок": "участок по ремонту сантехнического оборудования",
"Должность": "Электрогазосварщик",
"Категория": "рабочие (пром)"
},
"86": {
"Период": "29.10.2021",
"Статус": "disabled",
"ИИН": "910310450434",
"Фамилия": "Исмагулова",
"Имя": "Айнура",
"Отчество": "Сериковна",
"ТабельныйНомер": "933007",
"Подразделение": "Управление предприятия (ЦК)                    ",
"Цех_Служба": "Служба управления персоналом",
"Отдел_Участок": "Отдел кадров",
"Должность": "Специалист по кадрам",
"Категория": "специалисты (пром)"
},
"87": {
"Период": "29.10.2021",
"Статус": "created",
"ИИН": "910702350706",
"Фамилия": "Ержанов ",
"Имя": "Темиржан ",
"Отчество": "Сайлаубаевич ",
"ТабельныйНомер": "933115",
"Подразделение": "Энергоуправление",
"Цех_Служба": "",
"Отдел_Участок": "Участок группы подстанций и электросетей",
"Должность": "Электромонтёр по эксплуатации распределительных сетей",
"Категория": "рабочие (пром)"
},
"88": {
"Период": "29.10.2021",
"Статус": "created",
"ИИН": "760226301420",
"Фамилия": "Штенгауэр",
"Имя": "Александр ",
"Отчество": "Кондратьевич",
"ТабельныйНомер": "933116",
"Подразделение": "Горно-транспортный комплекс",
"Цех_Служба": "Горный цех",
"Отдел_Участок": "ЦЗ осушение карьера",
"Должность": "Электрослесарь по обслуживанию и ремонту оборудования (в карьере)",
"Категория": "рабочие (пром)"
},
"89": {
"Период": "29.10.2021",
"Статус": "changed",
"ИИН": "890403450502",
"Фамилия": "Плотникова",
"Имя": "Елена",
"Отчество": "Михайловна",
"ТабельныйНомер": "6717",
"Подразделение": "Обогатительный комплекс",
"Цех_Служба": "Цех обогащения хризотилового волокна",
"Отдел_Участок": "цех обогащения хризотилового волокна",
"Должность": "Машинист РУМ",
"Категория": "рабочие (пром)"
},
"90": {
"Период": "30.10.2021",
"Статус": "disabled",
"ИИН": "940128350375",
"Фамилия": "Катарбаев",
"Имя": "Темирлан",
"Отчество": "Сандибекович",
"ТабельныйНомер": "930839",
"Подразделение": "Обогатительный комплекс",
"Цех_Служба": "Служба по ремонту оборудования",
"Отдел_Участок": "участок по ремонту ГПМ",
"Должность": "Электрослесарь по обслуживанию и ремонту оборудования",
"Категория": "рабочие (пром)"
},
"91": {
"Период": "30.10.2021",
"Статус": "disabled",
"ИИН": "581020301495",
"Фамилия": "Досмагамбетов",
"Имя": "Мурат",
"Отчество": "",
"ТабельныйНомер": "3303",
"Подразделение": "Автотранспортное предприятие",
"Цех_Служба": "Цех по ремонту машин",
"Отдел_Участок": "",
"Должность": "Аккумуляторщик",
"Категория": "рабочие (пром)"
},
"92": {
"Период": "01.11.2021",
"Статус": "changed",
"ИИН": "690329300833",
"Фамилия": "Кабылбеков",
"Имя": "Серик",
"Отчество": "Сейлханович",
"ТабельныйНомер": "932215",
"Подразделение": "Горно-транспортный комплекс",
"Цех_Служба": "Цех по ремонту горно-транспортного оборудования",
"Отдел_Участок": "Депо подвижного состава                  ",
"Должность": "Электрогазосварщик",
"Категория": "рабочие (пром)"
},
"93": {
"Период": "01.11.2021",
"Статус": "changed",
"ИИН": "991003350387",
"Фамилия": "Аблякимов",
"Имя": "Жандос",
"Отчество": "Мурзабаевич",
"ТабельныйНомер": "932265",
"Подразделение": "Энергоуправление",
"Цех_Служба": "",
"Отдел_Участок": "Участок группы подстанций и электросетей",
"Должность": "Электромонтёр по эксплуатации распределительных сетей",
"Категория": "рабочие (пром)"
},
"94": {
"Период": "01.11.2021",
"Статус": "changed",
"ИИН": "960517350155",
"Фамилия": "Дуйсебаев",
"Имя": "Айбек",
"Отчество": "Орынбасарович",
"ТабельныйНомер": "932417",
"Подразделение": "Обогатительный комплекс",
"Цех_Служба": "Служба по ремонту оборудования",
"Отдел_Участок": "ремонтники ЦО",
"Должность": "Слесарь по обслуживанию и ремонту оборудования",
"Категория": "рабочие (пром)"
},
"95": {
"Период": "01.11.2021",
"Статус": "changed",
"ИИН": "971128350195",
"Фамилия": "Зайнутдинов",
"Имя": "Вадим",
"Отчество": "Евгеньевич",
"ТабельныйНомер": "932628",
"Подразделение": "Обогатительный комплекс",
"Цех_Служба": "Служба по ремонту оборудования",
"Отдел_Участок": "ремонтники ЦО",
"Должность": "Электрогазосварщик",
"Категория": "рабочие (пром)"
},
"96": {
"Период": "01.11.2021",
"Статус": "changed",
"ИИН": "991020450297",
"Фамилия": "Фадеев",
"Имя": "Владимир",
"Отчество": "Андреевич",
"ТабельныйНомер": "932670",
"Подразделение": "Горно-транспортный комплекс",
"Цех_Служба": "Горный цех",
"Отдел_Участок": "Участок отвалообразования",
"Должность": "Помощник машиниста экскаватора (породных отвалов)",
"Категория": "рабочие (пром)"
},
"97": {
"Период": "01.11.2021",
"Статус": "disabled",
"ИИН": "790225300373",
"Фамилия": "Ан",
"Имя": "Михаил",
"Отчество": "Михайлович",
"ТабельныйНомер": "932903",
"Подразделение": "Горно-транспортный комплекс",
"Цех_Служба": "Железнодорожный цех",
"Отдел_Участок": "Участок подвижного состава",
"Должность": "Помощник машиниста тягового агрегата (на вывозке горной массы)",
"Категория": "рабочие (пром)"
},
"98": {
"Период": "01.11.2021",
"Статус": "changed",
"ИИН": "950923351466",
"Фамилия": "Курмангалиев",
"Имя": "Асхат",
"Отчество": "Куанышевич",
"ТабельныйНомер": "932934",
"Подразделение": "Обогатительный комплекс",
"Цех_Служба": "Служба по ремонту оборудования",
"Отдел_Участок": "ремонтники ЦО",
"Должность": "Электрогазосварщик",
"Категория": "рабочие (пром)"
},
"99": {
"Период": "01.11.2021",
"Статус": "changed",
"ИИН": "990902350579",
"Фамилия": "Чагин",
"Имя": "Александр",
"Отчество": "Рушанович",
"ТабельныйНомер": "933016",
"Подразделение": "Энергоуправление",
"Цех_Служба": "",
"Отдел_Участок": "Участок группы подстанций и электросетей",
"Должность": "Электромонтёр по эксплуатации распределительных сетей",
"Категория": "рабочие (пром)"
},
"100": {
"Период": "01.11.2021",
"Статус": "changed",
"ИИН": "930911350439",
"Фамилия": "Стяжкин ",
"Имя": "Иван",
"Отчество": "Сергеевич",
"ТабельныйНомер": "933018",
"Подразделение": "Энергоуправление",
"Цех_Служба": "",
"Отдел_Участок": "Участок группы подстанций и электросетей",
"Должность": "Электромонтёр по эксплуатации распределительных сетей",
"Категория": "рабочие (пром)"
},
"101": {
"Период": "01.11.2021",
"Статус": "changed",
"ИИН": "950528450546",
"Фамилия": "Казимирова ",
"Имя": "Дарья ",
"Отчество": "Андреевна ",
"ТабельныйНомер": "933102",
"Подразделение": "Управление предприятия (ЦК)                    ",
"Цех_Служба": "",
"Отдел_Участок": "Производственная лаборатория технического контроля",
"Должность": "Лаборант асбестообогатительного производства",
"Категория": "рабочие (пром)"
},
"102": {
"Период": "01.11.2021",
"Статус": "created",
"ИИН": "790225300373",
"Фамилия": "Ан",
"Имя": "Михаил",
"Отчество": "Михайлович",
"ТабельныйНомер": "933117",
"Подразделение": "Горно-транспортный комплекс",
"Цех_Служба": "Железнодорожный цех",
"Отдел_Участок": "Участок подвижного состава",
"Должность": "Помощник машиниста тягового агрегата (на вывозке горной массы)",
"Категория": "рабочие (пром)"
},
"103": {
"Период": "01.11.2021",
"Статус": "created",
"ИИН": "970801351179",
"Фамилия": "Андриенко",
"Имя": "Богдан",
"Отчество": "Николаевич",
"ТабельныйНомер": "931777",
"Подразделение": "Управа",
"Цех_Служба": "ОИТ",
"Отдел_Участок": "Управа",
"Должность": "Управа",
"Категория": "Управа"
}
}
}