<?xml version="1.0" encoding="utf-8" ?>
<service>
    <name>FileManagerService</name>
    <filepath>serviceframework_filemanagerplugin</filepath>
    <description>Example file manager service</description>
    <interface>
        <name>com.nokia.qt.examples.FileStorage</name>
        <version>1.0</version>
        <description>Implementation of FileStorageInterface</description>
    </interface>
    <interface>
        <name>com.nokia.qt.examples.FileTransfer</name>
        <version>1.0</version>
        <description>Implementation of FileTransferInterface</description>
    </interface>
</service>
