<?xml version="1.0" encoding="iso-8859-1"?>
<categories>
  <category dirname="." docname="demos" name="Demonstrations">
    <example filename="affine" name="Affine Transformations" />
    <example filename="arthurplugin" name="Arthur Plugin" />
    <example filename="composition" name="Composition Modes" />
    <example filename="gradients" name="Gradients" />
    <example filename="pathstroke" name="Path Stroking" />
    <example filename="deform" name="Vector Deformation" />
    <example filename="books" name="Books" />
    <example filename="mainwindow" name="Main Window" />
    <example filename="spreadsheet" name="Spreadsheet" />
    <example filename="sqlbrowser" name="SQL Browser" />
    <example filename="textedit" name="Text Edit" />
    <example filename="embeddeddialogs" name="Embedded Dialogs" />
  </category>
</categories>
