{
    "ИИН": "970801351179",
    "Период": "Апрель 2021",
    "Организация": "Акционерное общество  \"Костанайские минералы\"",
    "Подразделение": "Сектор программного обеспечения",
    "Работник": "Андриенко Богдан Николаевич",
    "Должность": "Техник-программист",
    "Табельный номер": "931777",
    "Месячная(часовая) тарифная ставка": 115500,
    "С нач.года: начисл. дох.": 703393.85,
    "необл. дох.": 0,
    "ОПВ": 70339.39,
    "Выч.": 254407.39,
    "ИПН": 44898.66,
    "ООСМС с начала года": 14068,
    "ООСМС за месяц": 4056,
    "ВОСМС с начала года": 0,
    "global_objects": {
        "1.Начислено": {
            "Fields": {
                "1": "Вид",
                "2": "Период",
                "3": "Дни",
                "4": "Часы",
                "5": "Сумма",
                "6": "ВсегоДни",
                "7": "ВсегоЧасы"
            },
            "1": {
                "Вид": "Оклад по часам",
                "Период": "Апр 21",
                "Дни": 22,
                "Часы": 176,
                "ВсегоДни": 22,
                "ВсегоЧасы": 176,
                "Сумма": 115500
            },
            "2": {
                "Вид": "Доплата за ЗОЖ",
                "Период": "Апр 21",
                "Дни": 0,
                "Часы": 0,
                "ВсегоДни": 0,
                "ВсегоЧасы": 0,
                "Сумма": 5775
            },
            "3": {
                "Вид": "Квартальная премия(1)",
                "Период": "Апр 21",
                "Дни": 0,
                "Часы": 0,
                "ВсегоДни": 0,
                "ВсегоЧасы": 0,
                "Сумма": 25091.17
            },
            "4": {
                "Вид": "Квартальная премия(2)",
                "Период": "Апр 21",
                "Дни": 0,
                "Часы": 0,
                "ВсегоДни": 0,
                "ВсегоЧасы": 0,
                "Сумма": 20909
            },
            "5": {
                "Вид": "Компенсация расходов на оплату питания работникам",
                "Период": "Апр 21",
                "Дни": 0,
                "Часы": 0,
                "ВсегоДни": 0,
                "ВсегоЧасы": 0,
                "Сумма": 5500
            },
            "6": {
                "Вид": "Премия на повременную оплату (прошлый месяц)",
                "Период": "Апр 21",
                "Дни": 0,
                "Часы": 0,
                "ВсегоДни": 0,
                "ВсегоЧасы": 0,
                "Сумма": 30030
            }
        },
        "2.Удержано": {
            "Fields": {
                "1": "Вид",
                "2": "Период",
                "3": "Сумма"
            },
            "1": {
                "Вид": "Взносы НДП Нур Отан",
                "Период": "Апр 21",
                "Сумма": 298
            },
            "2": {
                "Вид": "за питание",
                "Период": "Апр 21",
                "Сумма": 11020
            },
            "3": {
                "Вид": "проф.взносы",
                "Период": "Апр 21",
                "Сумма": 1973.05
            },
            "4": {
                "Вид": "ИПН исчисленный",
                "Период": "Апр 21",
                "Сумма": 13596.87
            },
            "5": {
                "Вид": "ОПВ исчисленные",
                "Период": "Апр 21",
                "Сумма": 20280.52
            },
            "6": {
                "Вид": "Взносы ОСМС исчисленные",
                "Период": "Апр 21",
                "Сумма": 4056
            }
        },
        "4.Выплачено": {
            "Fields": {
                "1": "Вид",
                "2": "Период",
                "3": "Сумма"
            },
            "1": {
                "Вид": "Перечислено в банк",
                "Период": "Апр 21",
                "Сумма": 60136
            },
            "2": {
                "Вид": "Перечислено в банк (аванс)",
                "Период": "Апр 21",
                "Сумма": 49100
            },
            "3": {
                "Вид": "Перечислено в банк",
                "Период": "Апр 21",
                "Сумма": 36799
            }
        },
        "5.Налоговые вычеты": {
            "Fields": {
                "1": "Вид",
                "2": "Период",
                "3": "Сумма"
            },
            "1": {
                "Вид": "Вычет ОПВ",
                "Период": "Апр 21",
                "Сумма": 20280.52
            },
            "2": {
                "Вид": "Стандартный 1 МЗП",
                "Период": "Апр 21",
                "Сумма": 42500
            },
            "3": {
                "Вид": "Вычет ВОСМС",
                "Период": "Апр 21",
                "Сумма": 4056
            }
        }
    },
    "Долг за организацией на начало месяца": 60136.48,
    "Долг за организацией на конец месяца": 65682.21
}